{
  "generator-jhipster": {
    "promptValues": {
      "packageName": "com.ocbc.soa"
    },
    "jhipsterVersion": "5.8.2",
    "applicationType": "microservice",
    "baseName": "SBServiceTwo",
    "packageName": "com.ocbc.soa",
    "packageFolder": "com/ocbc/soa",
    "serverPort": "8085",
    "authenticationType": "jwt",
    "cacheProvider": "hazelcast",
    "enableHibernateCache": false,
    "websocket": false,
    "databaseType": "sql",
    "devDatabaseType": "h2Disk",
    "prodDatabaseType": "mariadb",
    "searchEngine": "elasticsearch",
    "messageBroker": false,
    "serviceDiscoveryType": "eureka",
    "buildTool": "maven",
    "enableSwaggerCodegen": false,
    "jwtSecretKey": "NmM1NmEzYTZhNWNlNzc1ZjY2YmNlYjNiNTQ4YWNiN2M0ODllOWZiMGQwMDQ1Yzc0ZjZlY2E0M2Y5Y2ZkNGM3NDhkZmQ0Y2Y2MjAxOTUwZmZlYmE3MmU5MjU5OGMxN2M4ZjgyMmJlNmEzNjQ1Y2ZiYmI5ZDEyMmIwMmVjNWQxYjU=",
    "testFrameworks": [
      "gatling"
    ],
    "jhiPrefix": "jhi",
    "entitySuffix": "",
    "dtoSuffix": "DTO",
    "otherModules": [],
    "enableTranslation": false,
    "clientPackageManager": "npm",
    "skipClient": true,
    "skipUserManagement": true
  }
}